{
  "total": 500,
  "accuracy": 0.77,
  "precision": 0.7872340425531915,
  "recall": 0.74,
  "specificity": 0.8,
  "f1_score": 0.7628865979381443,
  "true_positives": 185,
  "true_negatives": 200,
  "false_positives": 50,
  "false_negatives": 65
}