annotator,accuracy,precision,recall,f1_score,TP,TN,FP,FN,total_yes,total_no
Sonnet_v2,0.588,0.5625,0.792,0.6578073089700996,198,96,154,52,352,148
Sonnet_v1,0.564,0.5695652173913044,0.524,0.5458333333333333,131,151,99,119,230,270
